"discourse_list","speakers","X1","X2","X3","structure","f0_s1","f0_s2"
"suborn_1067_1_3","1067",0.185185185185185,1.18518518518519,2.2,2,0.225421571142574,-0.177229864579764
"suborn_1067_1_4","1067",0.166666666666666,1.16666666666667,2.22222222222222,2,-0.145545737384861,0.545484346639479
"suborn_1067_2_1","1067",0.185185185185186,1.16666666666667,2.2,1,-0.127065584111715,0.179860836779293
"suborn_1067_2_2","1067",0.166666666666667,1.22222222222222,2.2,1,-0.918348245897827,0.856772595631289
"suborn_1067_2_3","1067",0.185185185185185,1.16666666666667,2.2,1,-0.93552009567473,-0.438671120180396
"suborn_1067_2_4","1067",0.185185185185185,1.16666666666667,2.2,1,-1.02849649759791,0.656611256867694
"suborn_107_1_1","107",0.166666666666667,1.16666666666667,2.2,2,0.231900487234321,-0.098477727082616
"suborn_107_1_4","107",0.185185185185185,1.18518518518519,2.2,2,-0.11201461360618,0.284851520737991
"suborn_107_2_2","107",0.185185185185185,1.18518518518519,2.22222222222222,1,-2.57603756016595,1.17508824313472
"suborn_107_2_3","107",0.185185185185186,1.16666666666667,2.22222222222222,1,0.254440319089514,1.42284591619326
"suborn_107_2_4","107",0.166666666666666,1.18518518518519,2.22222222222222,1,-0.251039881072458,-0.0388828375720901
"suborn_1141_1_1","1141",0.166666666666667,1.16666666666667,2.2,2,0.510460312434851,0.557974085415464
"suborn_1141_1_2","1141",0.166666666666667,1.16666666666667,2.2,2,0.121166064725974,0.311818154480236
"suborn_1141_1_4","1141",0.166666666666666,1.16666666666667,2.22222222222222,2,0.634168410189233,0.906460963768164
"suborn_1141_2_1","1141",0.166666666666667,1.18518518518519,2.22222222222222,1,0.00188624119689995,-1.46555945248938
"suborn_1141_2_2","1141",0.185185185185186,1.16666666666667,2.22222222222222,1,0.555982370827501,0.883364219159573
"suborn_1141_2_3","1141",0.166666666666667,1.16666666666667,2.2,1,-1.06660748597763,0.884759590899592
"suborn_1141_2_4","1141",0.166666666666666,1.18518518518519,2.22222222222222,1,0.0366484050872765,-0.284993980945656
"suborn_1224_1_2","1224",0.185185185185185,1.16666666666667,2.2,2,-0.680229129464716,-0.211242632254183
"suborn_1224_2_1","1224",0.185185185185185,1.18518518518519,2.2,1,-0.471806803263913,0.0231819038673237
"suborn_1243_1_1","1243",0.185185185185185,1.16666666666667,2.2,2,-0.609602806219031,-0.734731041737106
"suborn_1243_1_4","1243",0.166666666666666,1.16666666666667,2.2,2,-0.124468901252048,0.0271421399460587
"suborn_1243_2_1","1243",0.185185185185186,1.16666666666667,2.2,1,0.678868433118873,-0.22632856935579
"suborn_1243_2_2","1243",0.185185185185185,1.18518518518518,2.2,1,-2.65482542261078,2.30341090192904
"suborn_1243_2_4","1243",0.185185185185185,1.18518518518518,2.2,1,0.100683702791352,0.179881814500663
"suborn_1244_1_1","1244",0.166666666666667,1.18518518518519,2.2,2,-1.97083484663925,0.561109498389237
"suborn_1244_1_2","1244",0.166666666666667,1.16666666666667,2.24444444444445,2,-3.38756861630251,1.88839034903513
"suborn_1244_1_3","1244",0.166666666666667,1.16666666666667,2.2,2,-1.43207311050645,0.666391383799331
"suborn_1244_1_4","1244",0.166666666666666,1.16666666666667,2.2,2,-0.638046358533061,-0.344315908212765
"suborn_1244_2_1","1244",0.166666666666667,1.18518518518518,2.22222222222222,1,0.117948746417887,0.354453381300321
"suborn_1244_2_2","1244",0.185185185185185,1.18518518518519,2.22222222222222,1,-0.0157924898828853,0.0345248282058358
"suborn_1244_2_3","1244",0.185185185185185,1.33333333333333,2.2,1,0.0084431563323849,-0.920926944903922
"suborn_1244_2_4","1244",0.166666666666666,1.18518518518518,2.22222222222222,1,0.407018320708289,1.78687468450982
"suborn_1253_1_1","1253",0.166666666666667,1.16666666666667,2.22222222222222,2,0.57005783713637,0.390615381070195
"suborn_1253_1_2","1253",0.166666666666667,1.18518518518519,2.2,2,0.642623135564293,0.578506526087862
"suborn_1253_1_3","1253",0.166666666666667,1.18518518518519,2.2,2,-2.30798619275877,0.357640672481158
"suborn_1253_1_4","1253",0.185185185185185,1.18518518518519,2.2,2,0.204437040343108,0.893911250146777
"suborn_1253_2_1","1253",0.185185185185186,1.16666666666667,2.2,1,0.190612442861832,0.202109213177082
"suborn_1253_2_2","1253",0.166666666666667,1.16666666666667,2.2,1,0.414977201523046,0.0160045307955433
"suborn_1253_2_3","1253",0.185185185185186,1.16666666666667,2.2,1,0.0408613602242457,0.0440367167395579
"suborn_1253_2_4","1253",0.166666666666666,1.16666666666667,2.22222222222222,1,-0.614984411893807,-0.0412834622577599
"suborn_1254_1_1","1254",0.185185185185186,1.16666666666667,2.2,2,-0.856117135350023,0.0780014934734863
"suborn_1254_1_2","1254",0.185185185185185,1.18518518518518,2.22222222222222,2,-1.6898075011079,0.692251806678439
"suborn_1254_1_3","1254",0.166666666666667,1.18518518518519,2.2,2,0.318466290775981,-0.00999966301992382
"suborn_1254_2_1","1254",0.185185185185186,1.16666666666667,2.2,1,-1.47286988682383,0.425583462528387
"suborn_1254_2_2","1254",0.185185185185184,1.18518518518519,2.28888888888889,1,-1.23821898439067,0.652188548965412
"suborn_1254_2_3","1254",0.185185185185185,1.16666666666667,2.22222222222222,1,-0.752044406742234,-1.17176781193523
"suborn_1254_2_4","1254",0.166666666666666,1.18518518518519,2.2,1,0.454408927005176,-1.11564684148924
"suborn_1256_1_1","1256",0.259259259259261,1.18518518518519,2.22222222222222,2,-0.127576362259157,0.172664202018413
"suborn_1256_1_2","1256",0.185185185185186,1.18518518518519,2.2,2,-0.505433569183197,0.101933026475096
"suborn_1256_1_3","1256",0.185185185185185,1.16666666666667,2.22222222222222,2,-0.644736136351237,0.144258402203483
"suborn_1256_1_4","1256",0.185185185185185,1.16666666666667,2.22222222222222,2,-0.536300891268648,-0.0111446197274667
"suborn_1256_2_1","1256",0.185185185185186,1.18518518518519,2.2,1,0.297043435620395,-0.195872416771911
"suborn_1256_2_2","1256",0.185185185185186,1.18518518518519,2.22222222222222,1,-0.132852250507153,0.852729693968189
"suborn_1256_2_3","1256",0.185185185185186,1.16666666666667,2.2,1,-0.593745893905633,0.397093217012063
"suborn_1256_2_4","1256",0.185185185185185,1.16666666666667,2.2,1,-0.581264921034532,0.180144722844308
"suborn_1257_1_1","1257",0.185185185185186,1.18518518518519,2.22222222222222,2,-0.261948210709678,0.162520680153285
"suborn_1257_1_2","1257",0.185185185185186,1.16666666666667,2.2,2,-0.412116081332026,0.263200380457112
"suborn_1257_1_3","1257",0.166666666666667,1.16666666666667,2.2,2,-0.099223110809856,-0.0299945734692327
"suborn_1257_1_4","1257",0.185185185185185,1.16666666666667,2.2,2,-2.36208412256736,1.11671886668018
"suborn_1257_2_1","1257",0.166666666666667,1.16666666666667,2.2,1,0.306930145512927,-0.363284442505494
"suborn_1257_2_2","1257",0.185185185185185,1.16666666666667,2.2,1,-3.2612832967147,1.72782857667609
"suborn_1257_2_3","1257",0.185185185185186,1.16666666666667,2.22222222222222,1,-0.377741254280389,0.420568397496526
"suborn_1257_2_4","1257",0.166666666666666,1.18518518518519,2.22222222222222,1,0.908338650633287,-0.886866418909388
"suborn_1258_1_1","1258",0.166666666666667,1.18518518518518,2.22222222222222,2,0.166930782142477,0.140214678182019
"suborn_1258_1_2","1258",0.185185185185185,1.18518518518518,2.2,2,-0.363777274755104,0.60414887082117
"suborn_1258_1_3","1258",0.185185185185185,1.18518518518518,2.2,2,-2.13363509969869,-0.923408361266863
"suborn_1258_1_4","1258",0.185185185185185,1.18518518518519,2.2,2,-0.936284310883607,0.487751126099056
"suborn_1258_2_2","1258",0.166666666666667,1.18518518518519,2.2,1,-0.838540301797462,1.09970868270592
"suborn_1258_2_3","1258",0.166666666666667,1.16666666666667,2.22222222222222,1,-0.22579662036176,0.0669425039906043
"suborn_1258_2_4","1258",0.166666666666666,1.16666666666667,2.2,1,-1.01236342137808,0.225299398155346
"suborn_1259_1_1","1259",0.185185185185185,1.18518518518519,2.22222222222222,2,-0.269783282016447,0.120572267289576
"suborn_1259_1_2","1259",0.166666666666667,1.16666666666667,2.2,2,-0.517644875122795,0.693067363030961
"suborn_1259_1_3","1259",0.166666666666667,1.16666666666667,2.2,2,-0.688642471419446,0.338477521140257
"suborn_1259_1_4","1259",0.185185185185185,1.18518518518519,2.22222222222222,2,0.396468416279757,1.15367492678735
"suborn_1259_2_1","1259",0.166666666666667,1.16666666666667,2.22222222222222,1,-1.45446200890945,0.172689749708497
"suborn_1259_2_2","1259",0.166666666666667,1.18518518518519,2.2,1,-0.762336789925953,-0.307142194492737
"suborn_1259_2_3","1259",0.185185185185186,1.18518518518519,2.2,1,-0.208110627954532,-0.650209318578064
"suborn_1260_1_1","1260",0.185185185185186,1.16666666666667,2.2,2,0.602481855072276,-0.4095354973012
"suborn_1260_1_2","1260",0.166666666666667,1.18518518518518,2.2,2,-1.85688668779277,0.193053162236578
"suborn_1263_1_1","1263",0.185185185185185,1.16666666666667,2.22222222222222,2,-1.04680569097009,0.675285533382837
"suborn_1263_1_2","1263",0.166666666666667,1.16666666666667,2.24444444444444,2,-1.13899813034123,0.00897300625637903
"suborn_1263_1_3","1263",0.185185185185186,1.18518518518519,2.2,2,-0.529664666040892,-0.7987429652757
"suborn_1263_1_4","1263",0.166666666666666,1.18518518518519,2.2,2,-1.13760444369258,0.144311047195258
"suborn_1263_2_1","1263",0.166666666666667,1.18518518518519,2.2,1,-0.935278342760323,0.253335776204704
"suborn_1263_2_2","1263",0.185185185185185,1.18518518518519,2.22222222222222,1,-0.768681937309069,0.00927149988779807
"suborn_1263_2_3","1263",0.185185185185185,1.18518518518519,2.22222222222222,1,-1.00098789857388,-0.706117598063034
"suborn_1263_2_4","1263",0.185185185185185,1.16666666666667,2.2,1,0.0293615706278285,0.303755396555695
"suborn_1264_1_1","1264",0.185185185185185,1.18518518518518,2.22222222222222,2,0.623195392243065,0.0896214838708786
"suborn_1264_1_2","1264",0.166666666666667,1.18518518518519,2.22222222222222,2,-0.466891873365143,0.707964654937858
"suborn_1264_1_3","1264",0.166666666666667,1.22222222222222,2.2,2,-1.75117415258636,-0.610541950523224
"suborn_1264_1_4","1264",0.185185185185185,1.16666666666667,2.22222222222222,2,-0.1314037939189,1.21519925682675
"suborn_1264_2_2","1264",0.166666666666667,1.16666666666667,2.2,1,-0.77717825620858,0.271811959911405
"suborn_1264_2_3","1264",0.166666666666667,1.16666666666667,2.2,1,-0.741315768758059,-0.29747202521849
"suborn_1264_2_4","1264",0.185185185185185,1.18518518518519,2.2,1,-0.159531307773698,0.738161839319126
"suborn_1265_1_1","1265",0.166666666666667,1.16666666666667,2.2,2,-0.631596405802385,0.5977950887648
"suborn_1265_1_2","1265",0.166666666666667,1.16666666666667,2.22222222222222,2,0.271814243372036,0.389219438109565
"suborn_1265_1_3","1265",0.185185185185185,1.16666666666667,2.22222222222222,2,0.491431147468789,-0.519819640084675
"suborn_1265_2_1","1265",0.166666666666667,1.16666666666667,2.22222222222222,1,0.440597852936668,-0.534525648596578
"suborn_1265_2_2","1265",0.185185185185185,1.16666666666667,2.2,1,-1.58684551692939,0.351982953344186
"suborn_1265_2_4","1265",0.166666666666666,1.18518518518519,2.22222222222222,1,0.477792100132677,0.00692967485297785
"suborn_1266_1_1","1266",0.166666666666667,1.16666666666667,2.22222222222222,2,-1.06646666126002,0.941630650331985
"suborn_1266_1_2","1266",0.166666666666667,1.18518518518519,2.2,2,-0.744809656473625,0.23238671857943
"suborn_1266_1_3","1266",0.185185185185186,1.16666666666667,2.2,2,-0.204338892736066,-0.184048436021988
"suborn_1266_1_4","1266",0.166666666666666,1.18518518518519,2.22222222222222,2,-0.875672315691371,0.535973244418923
"suborn_1266_2_1","1266",0.185185185185186,1.16666666666667,2.2,1,-0.899428700279007,0.248171047673598
"suborn_1266_2_2","1266",0.166666666666667,1.16666666666667,2.22222222222222,1,-1.81977139642088,0.164606122512669
"suborn_1266_2_4","1266",0.185185185185185,1.16666666666667,2.2,1,-0.76836027337056,0.42578896454173
"suborn_1267_1_2","1267",0.185185185185185,1.18518518518519,2.2,2,-1.0533235512015,0.40943090200725
"suborn_1267_1_4","1267",0.166666666666666,1.18518518518519,2.2,2,-0.404006847245854,0.130712372695839
"suborn_1267_2_1","1267",0.166666666666667,1.16666666666667,2.2,1,-0.0625252057949613,0.552322495649124
"suborn_1267_2_2","1267",0.166666666666667,1.16666666666667,2.2,1,-1.20339902972238,0.315999271934012
"suborn_1267_2_3","1267",0.185185185185186,1.18518518518519,2.2,1,-1.11293311019807,1.03986770335772
"suborn_1267_2_4","1267",0.185185185185185,1.16666666666667,2.2,1,-0.465088462096302,0.0220067989682682
"suborn_1268_2_1","1268",0.185185185185186,1.16666666666667,2.22222222222222,1,0.564856775056785,-0.357645381606159
"suborn_1269_1_2","1269",0.166666666666667,1.16666666666667,2.2,2,3.64658612645726,0.247479337079245
"suborn_1269_1_3","1269",0.166666666666667,1.16666666666667,2.2,2,1.92073683386773,-0.516748283251661
"suborn_1269_1_4","1269",0.185185185185185,1.18518518518519,2.2,2,-0.592353431520611,0.571100633375634
"suborn_1269_2_3","1269",0.240740740740741,1.16666666666667,2.22222222222222,1,-0.926379196961579,-1.54863944308054
"suborn_1269_2_4","1269",0.185185185185185,1.18518518518519,2.2,1,-0.831540355218838,-0.09601378277115
"suborn_1273_1_1","1273",0.166666666666667,1.18518518518519,2.22222222222222,2,0.329629390180638,-1.02313773186218
"suborn_1273_1_2","1273",0.166666666666667,1.18518518518519,2.2,2,-1.58115048801983,0.282044264616387
"suborn_1273_1_3","1273",0.166666666666667,1.16666666666667,2.37777777777778,2,-1.1032294951838,0.742372788624422
"suborn_1273_1_4","1273",0.185185185185185,1.18518518518519,2.22222222222222,2,-0.468922545749077,-0.139479995733836
"suborn_1273_2_1","1273",0.185185185185185,1.16666666666667,2.2,1,-0.334669023555858,-0.412153080704898
"suborn_1273_2_2","1273",0.166666666666667,1.16666666666667,2.2,1,-1.09876517803082,0.642396756152581
"suborn_1273_2_3","1273",0.166666666666667,1.18518518518518,2.2,1,-1.59322758944798,-0.671163490944483
"suborn_1273_2_4","1273",0.166666666666666,1.18518518518519,2.2,1,1.12650511971138,0.327625257015744
"suborn_1284_1_1","1284",0.185185185185186,1.18518518518519,2.22222222222222,2,-0.121766061742869,-1.12665563528581
"suborn_1284_1_2","1284",0.166666666666667,1.16666666666667,2.22222222222222,2,0.906877633714296,1.00395835848053
"suborn_1284_1_3","1284",0.166666666666667,1.16666666666667,2.2,2,0.29852861340866,2.73106769474662
"suborn_1284_1_4","1284",0.296296296296296,1.18518518518519,2.2,2,-0.468381418478196,0.0338893565510118
"suborn_1284_2_1","1284",0.166666666666667,1.16666666666667,2.22222222222222,1,-0.239210114732002,-0.12263823468205
"suborn_1284_2_3","1284",0.166666666666667,1.16666666666667,2.22222222222222,1,-1.30869175924241,-0.917323991344198
"suborn_1284_2_4","1284",0.166666666666666,1.18518518518519,2.22222222222222,1,-1.03959699539538,0.110355749098802
"suborn_207_1_1","207",0.166666666666667,1.16666666666667,2.22222222222222,2,0.133602005738719,0.468868705041161
"suborn_207_1_2","207",0.185185185185186,1.16666666666667,2.2,2,-3.15630697744411,1.94089206376211
"suborn_207_1_3","207",0.166666666666667,1.16666666666667,2.22222222222222,2,-1.97833823290463,-0.167303575403706
"suborn_207_1_4","207",0.166666666666666,1.18518518518519,2.2,2,0.221557643475551,-0.662293212187575
"suborn_207_2_1","207",0.185185185185185,1.16666666666667,2.22222222222222,1,2.74560206875845,-1.07028624215987
"suborn_207_2_2","207",0.166666666666667,1.16666666666667,2.2,1,-1.20957571024966,0.804372777523539
"suborn_207_2_3","207",0.185185185185186,1.18518518518518,2.31111111111111,1,-0.99785056981902,0.760486962895683
"suborn_28_1_1","28",0.185185185185185,1.18518518518519,2.22222222222222,2,0.322498727444286,0.567377729860923
"suborn_28_1_2","28",0.166666666666667,1.18518518518519,2.2,2,-0.809831225860199,-0.61215623679805
"suborn_28_1_3","28",0.185185185185185,1.18518518518519,2.22222222222222,2,0.663994116141019,0.333198475325674
"suborn_28_1_4","28",0.185185185185185,1.16666666666667,2.2,2,-0.73547674649143,-0.83267458211139
"suborn_28_2_1","28",0.185185185185185,1.18518518518519,2.22222222222222,1,-0.370049873079191,-0.357092985072641
"suborn_28_2_3","28",0.185185185185185,1.18518518518519,2.2,1,-0.260556299520481,-0.0832572670591162
"suborn_28_2_4","28",0.185185185185185,1.18518518518519,2.22222222222222,1,0.84493692743044,0.501021290074464
"suborn_930_1_1","930",0.166666666666667,1.16666666666667,2.2,2,0.165717388619493,0.668818225787493
"suborn_930_1_2","930",0.166666666666667,1.16666666666667,2.22222222222222,2,-0.0570334376561905,0.398626528948048
"suborn_930_1_3","930",0.185185185185185,1.16666666666667,2.2,2,-0.702004735918663,-0.702427638903989
"suborn_930_1_4","930",0.166666666666666,1.18518518518518,2.2,2,0.428993938709498,-0.280015998024883
"suborn_930_2_1","930",0.166666666666667,1.18518518518519,2.2,1,0.149563598080943,-0.0605968686218574
"suborn_930_2_2","930",0.185185185185185,1.18518518518519,2.2,1,-2.134581378823,0.861899569425657
"suborn_930_2_3","930",0.185185185185185,1.16666666666667,2.2,1,-0.25719220914945,-1.61922341092005
"suborn_933_1_1","933",0.166666666666667,1.16666666666667,2.2,2,-0.0692965448874444,0.160222533709397
"suborn_933_1_3","933",0.166666666666667,1.18518518518519,2.2,2,-0.156618107133257,0.0213265366491023
"suborn_933_1_4","933",0.185185185185185,1.18518518518519,2.22222222222222,2,-0.825925060052149,-0.747452409067459
"suborn_933_2_1","933",0.185185185185185,1.16666666666667,2.22222222222222,1,-0.895644539527838,1.08094676958976
"suborn_933_2_2","933",0.185185185185186,1.16666666666667,2.22222222222222,1,-0.568275515946808,0.795899907567864
"suborn_933_2_4","933",0.185185185185185,1.16666666666667,2.2,1,-0.506746603731267,1.4230813743424
"suborq_1067_1_1","1067",0.185185185185185,1.16666666666667,2.2,2,0.507953479571079,-0.764329885500714
"suborq_1067_1_2","1067",0.185185185185184,1.18518518518519,2.22222222222222,2,0.839099872450308,-0.196870060566799
"suborq_1067_1_3","1067",0.185185185185184,1.18518518518519,2.22222222222222,2,0.151194287487894,-0.566112870588533
"suborq_1067_1_4","1067",0.166666666666666,1.16666666666667,2.2,2,0.554551025623341,0.329243211859008
"suborq_1067_2_1","1067",0.185185185185183,1.16666666666667,2.2,1,-0.0995384328722847,-0.542093705110767
"suborq_1067_2_3","1067",0.185185185185186,1.18518518518518,2.22222222222222,1,1.11810462739838,-1.01126866183874
"suborq_1067_2_4","1067",0.185185185185185,1.16666666666667,2.22222222222222,1,0.220670696109909,-0.427333942536505
"suborq_107_1_1","107",0.166666666666667,1.18518518518519,2.22222222222222,2,0.237055578912661,-0.405556281741667
"suborq_107_1_2","107",0.185185185185185,1.18518518518519,2.2,2,0.65749371850071,0.180848701102686
"suborq_107_1_3","107",0.166666666666667,1.16666666666667,2.2,2,0.13504898197515,-0.191032396196206
"suborq_107_1_4","107",0.185185185185185,1.18518518518518,2.22222222222222,2,0.563532647596001,0.15328216814517
"suborq_107_2_2","107",0.166666666666667,1.16666666666667,2.22222222222222,1,0.296458851080446,-0.54953234410815
"suborq_107_2_3","107",0.185185185185186,1.16666666666667,2.22222222222222,1,2.31603758937595,1.11891803007105
"suborq_107_2_4","107",0.185185185185185,1.18518518518519,2.22222222222222,1,0.51623973904156,-0.454046346889307
"suborq_1141_1_1","1141",0.185185185185185,1.16666666666667,2.2,2,-0.588843846988707,-0.554599656494405
"suborq_1141_1_2","1141",0.166666666666667,1.16666666666667,2.22222222222222,2,-0.427918319554272,0.902304002512035
"suborq_1141_1_3","1141",0.166666666666667,1.16666666666667,2.22222222222222,2,0.455064557120666,-0.160474616482734
"suborq_1141_1_4","1141",0.166666666666666,1.16666666666667,2.22222222222222,2,-0.395362836578271,-0.696631287794914
"suborq_1141_2_1","1141",0.166666666666667,1.18518518518519,2.22222222222222,1,0.166956531069689,0.224181043269436
"suborq_1141_2_2","1141",0.185185185185186,1.18518518518519,2.22222222222222,1,0.0318606034516609,0.187009001392164
"suborq_1141_2_3","1141",0.166666666666667,1.16666666666667,2.2,1,0.103062534870896,-1.11782993768523
"suborq_1141_2_4","1141",0.185185185185185,1.18518518518519,2.22222222222222,1,0.765133387585421,-0.0883277355378091
"suborq_1154_1_1","1154",0.185185185185185,1.18518518518518,2.22222222222222,2,0.610344829852343,-0.869088346451663
"suborq_1154_1_2","1154",0.185185185185185,1.18518518518519,2.2,2,1.9220154108823,-0.304002543674868
"suborq_1154_1_4","1154",0.185185185185185,1.16666666666667,2.22222222222222,2,0.00921758927763106,-0.507569160161291
"suborq_1154_2_2","1154",0.166666666666667,1.18518518518519,2.22222222222222,1,1.78043755671185,-0.156129378124636
"suborq_1154_2_3","1154",0.166666666666667,1.18518518518519,2.2,1,1.68904486844496,1.68162973435011
"suborq_1154_2_4","1154",0.185185185185185,1.16666666666667,2.2,1,-0.268415363842444,-0.36166162829372
"suborq_1224_1_2","1224",0.166666666666667,1.16666666666667,2.2,2,-0.605267607271563,-0.157118798064627
"suborq_1224_1_4","1224",0.166666666666666,1.18518518518519,2.2,2,-1.18583645644299,-0.326022584793194
"suborq_1224_2_1","1224",0.185185185185185,1.16666666666667,2.22222222222222,1,-0.949984273523002,-0.615189891766437
"suborq_1224_2_3","1224",0.166666666666667,1.16666666666667,2.2,1,-0.498628151168356,-0.0765724229394609
"suborq_1229_1_1","1229",0.166666666666667,1.18518518518519,2.2,2,-0.282802704751045,-0.145816532481228
"suborq_1229_1_2","1229",0.185185185185184,1.18518518518519,2.22222222222222,2,1.5115180215302,0.450915977860321
"suborq_1229_1_3","1229",0.185185185185186,1.16666666666667,2.2,2,-0.87316232985409,0.238368135005472
"suborq_1229_1_4","1229",0.185185185185185,1.18518518518519,2.22222222222222,2,-0.336362098765651,-0.467897918717166
"suborq_1229_2_1","1229",0.166666666666667,1.18518518518519,2.2,1,0.237952836138925,-0.463030192339189
"suborq_1229_2_2","1229",0.166666666666667,1.16666666666667,2.2,1,-0.966394161515868,0.0395712291621118
"suborq_1229_2_4","1229",0.166666666666666,1.16666666666667,2.2,1,0.450255882596304,-0.268344127132907
"suborq_1237_1_1","1237",0.185185185185185,1.18518518518519,2.2,2,-0.287988315446561,-1.3264231983919
"suborq_1237_1_3","1237",0.166666666666667,1.16666666666667,2.2,2,2.67136814700967,2.24175529256541
"suborq_1237_2_1","1237",0.166666666666667,1.18518518518519,2.4,1,-0.497289080782733,-1.23695823182674
"suborq_1237_2_2","1237",0.185185185185186,1.16666666666667,2.2,1,1.47346557155658,-0.226475952274435
"suborq_1237_2_3","1237",0.166666666666667,1.16666666666667,2.2,1,-1.28475410299807,0.0132421370443071
"suborq_1237_2_4","1237",0.166666666666666,1.16666666666667,2.28888888888889,1,-1.23670714442398,0.204365228014616
"suborq_1240_1_2","1240",0.166666666666667,1.18518518518519,2.33333333333333,2,-2.13793806943921,0.498054309314902
"suborq_1240_1_3","1240",0.166666666666667,1.18518518518518,2.2,2,-1.1328895238321,-0.953027317404831
"suborq_1240_1_4","1240",0.185185185185185,1.18518518518519,2.22222222222222,2,0.354991062075506,0.30083928196166
"suborq_1240_2_2","1240",0.185185185185185,1.18518518518519,2.2,1,0.390307014647109,-0.116899764527866
"suborq_1240_2_4","1240",0.166666666666666,1.18518518518519,2.22222222222222,1,0.146111155290597,-0.255490378730716
"suborq_1241_1_1","1241",0.166666666666667,1.16666666666667,2.2,2,0.160289289118464,-0.933965946973681
"suborq_1241_1_2","1241",0.185185185185186,1.18518518518518,2.22222222222222,2,-0.159482848328886,-1.04020172417982
"suborq_1241_1_3","1241",0.185185185185186,1.18518518518519,2.2,2,1.75640862496496,0.961487225314994
"suborq_1241_1_4","1241",0.185185185185185,1.18518518518518,2.2,2,0.981517493060317,-0.987615304297271
"suborq_1241_2_1","1241",0.166666666666667,1.16666666666667,2.2,1,1.78728174381361,-1.0815124525351
"suborq_1241_2_3","1241",0.166666666666667,1.16666666666667,2.2,1,2.08784559813582,-1.11928684652192
"suborq_1241_2_4","1241",0.185185185185185,1.18518518518519,2.2,1,-0.313234957509981,-1.11267610735804
"suborq_1243_1_1","1243",0.166666666666667,1.18518518518519,2.2,2,0.275655175333593,-0.686411577495059
"suborq_1243_1_3","1243",0.185185185185186,1.16666666666667,2.2,2,1.31652323853123,-0.254958184258962
"suborq_1243_1_4","1243",0.185185185185185,1.16666666666667,2.22222222222222,2,-0.404472683138275,-0.00893134353085706
"suborq_1243_2_2","1243",0.185185185185186,1.18518518518519,2.2,1,0.61870785054275,-0.715405843146954
"suborq_1243_2_4","1243",0.185185185185185,1.16666666666667,2.22222222222222,1,0.886106255189266,-0.238011394119348
"suborq_1244_1_1","1244",0.166666666666667,1.18518518518519,2.2,2,0.419057328913306,-0.600751740950964
"suborq_1244_1_2","1244",0.185185185185186,1.18518518518518,2.2,2,0.281460608520983,-0.607503111034755
"suborq_1244_1_3","1244",0.166666666666667,1.18518518518518,2.22222222222222,2,2.11479600093568,1.00475536094893
"suborq_1244_1_4","1244",0.166666666666666,1.18518518518519,2.2,2,0.593522836211654,-0.834002236568177
"suborq_1244_2_1","1244",0.185185185185186,1.18518518518519,2.22222222222222,1,-0.00840363811757239,-0.855951187597552
"suborq_1244_2_2","1244",0.166666666666667,1.16666666666667,2.2,1,1.89745814936567,-0.601634925418638
"suborq_1244_2_3","1244",0.185185185185186,1.16666666666667,2.2,1,2.45853442629913,1.48561413210834
"suborq_1244_2_4","1244",0.166666666666666,1.18518518518519,2.2,1,0.178156979154215,0.446701013991387
"suborq_1253_1_3","1253",0.185185185185186,1.18518518518519,2.2,2,0.056341744179159,-0.155914004772053
"suborq_1253_1_4","1253",0.185185185185185,1.18518518518518,2.2,2,0.637329780386625,0.660171353332427
"suborq_1253_2_2","1253",0.185185185185184,1.16666666666667,2.22222222222222,1,0.471232401659354,-0.0656157707073825
"suborq_1253_2_3","1253",0.166666666666667,1.16666666666667,2.2,1,-0.0665182465773327,-0.323114664561062
"suborq_1253_2_4","1253",0.185185185185185,1.16666666666667,2.22222222222222,1,0.182069398290863,0.605622344252128
"suborq_1254_1_2","1254",0.185185185185185,1.16666666666667,2.22222222222222,2,-1.97696450531219,-0.0287295530899069
"suborq_1254_1_4","1254",0.185185185185185,1.16666666666667,2.26666666666667,2,-1.90896799396856,0.349468252990793
"suborq_1254_2_1","1254",0.166666666666667,1.18518518518519,2.2,1,0.285233363393918,-0.0567080541224537
"suborq_1254_2_3","1254",0.166666666666667,1.16666666666667,2.2,1,0.464114418977687,-0.32535614378505
"suborq_1254_2_4","1254",0.166666666666666,1.16666666666667,2.2,1,0.459732968545887,-0.529081185971729
"suborq_1256_1_1","1256",0.185185185185185,1.16666666666667,2.2,2,-0.210496289856006,-0.614974003543931
"suborq_1256_1_2","1256",0.185185185185185,1.16666666666667,2.2,2,-0.374866721426573,-0.254360216695377
"suborq_1256_1_4","1256",0.185185185185185,1.16666666666667,2.2,2,-0.108109446155815,-0.471451584160951
"suborq_1256_2_3","1256",0.166666666666667,1.18518518518519,2.22222222222222,1,-0.205680728092521,-0.575447648638208
"suborq_1257_1_1","1257",0.166666666666667,1.16666666666667,2.2,2,2.4346453262524,0.0221726546455465
"suborq_1257_1_3","1257",0.166666666666667,1.16666666666667,2.2,2,0.721597795206842,-0.519263498134977
"suborq_1257_1_4","1257",0.185185185185185,1.16666666666667,2.22222222222222,2,0.543903984064204,-0.342494335716425
"suborq_1257_2_1","1257",0.185185185185185,1.18518518518518,2.22222222222222,1,0.342393033125032,-0.893839855544526
"suborq_1257_2_2","1257",0.166666666666667,1.16666666666667,2.2,1,0.292240077073419,-0.475882329051604
"suborq_1257_2_3","1257",0.185185185185186,1.18518518518519,2.2,1,0.785003357144517,-0.87163267317355
"suborq_1257_2_4","1257",0.166666666666666,1.16666666666667,2.2,1,1.4467612956387,-0.561866846627711
"suborq_1258_1_1","1258",0.166666666666667,1.18518518518519,2.22222222222222,2,0.0730348016928044,-0.361182087301821
"suborq_1258_1_2","1258",0.185185185185186,1.18518518518518,2.2,2,0.508884527728085,0.455012654607923
"suborq_1258_1_3","1258",0.166666666666667,1.18518518518519,2.22222222222222,2,0.371797932249493,0.822552149575172
"suborq_1258_1_4","1258",0.166666666666666,1.16666666666667,2.22222222222222,2,0.298387485487783,-0.250794444043725
"suborq_1258_2_1","1258",0.166666666666667,1.18518518518519,2.2,1,0.0755364029374417,-0.367038521279725
"suborq_1258_2_2","1258",0.166666666666667,1.18518518518518,2.2,1,1.58992564988687,-0.963269275844842
"suborq_1258_2_3","1258",0.166666666666667,1.16666666666667,2.2,1,0.56494094184705,-0.779298087338181
"suborq_1258_2_4","1258",0.166666666666666,1.18518518518519,2.2,1,0.0106487218422417,-0.0759411242192851
"suborq_1259_1_1","1259",0.185185185185185,1.18518518518519,2.22222222222222,2,-0.764137727626819,-0.297080712449278
"suborq_1259_1_4","1259",0.185185185185185,1.18518518518519,2.2,2,-0.393247294238887,-0.285020527664921
"suborq_1259_2_4","1259",0.185185185185185,1.16666666666667,2.22222222222222,1,-1.62428136986266,1.33901641637989
"suborq_1260_1_2","1260",0.185185185185185,1.18518518518519,2.2,2,-0.228488537081412,0.205898441482238
"suborq_1260_1_4","1260",0.166666666666666,1.18518518518519,2.22222222222222,2,0.144825835429219,0.482782373297581
"suborq_1260_2_1","1260",0.185185185185186,1.16666666666667,2.22222222222222,1,0.227245574107637,0.159542665296248
"suborq_1260_2_3","1260",0.166666666666667,1.18518518518519,2.22222222222222,1,0.599784758663503,0.403085955642857
"suborq_1260_2_4","1260",0.185185185185185,1.18518518518519,2.33333333333333,1,0.205705391138822,0.220932687341288
"suborq_1264_1_1","1264",0.185185185185186,1.18518518518519,2.22222222222222,2,0.49005610949864,-0.477285770706655
"suborq_1264_1_2","1264",0.166666666666667,1.16666666666667,2.22222222222222,2,0.490559577193222,-0.0279554588263378
"suborq_1264_1_3","1264",0.185185185185185,1.16666666666667,2.2,2,0.835627077934786,-0.0922346599919504
"suborq_1264_1_4","1264",0.185185185185185,1.16666666666667,2.22222222222222,2,1.64569367263418,0.714530420432964
"suborq_1264_2_1","1264",0.185185185185185,1.16666666666667,2.22222222222222,1,0.508399637348774,-0.621102579009562
"suborq_1264_2_2","1264",0.166666666666667,1.18518518518519,2.2,1,0.751903180186244,-0.122886168946007
"suborq_1264_2_3","1264",0.166666666666667,1.18518518518519,2.2,1,0.955748866737427,-1.28823860661222
"suborq_1264_2_4","1264",0.185185185185185,1.18518518518519,2.2,1,0.328458290179396,-0.565003982529037
"suborq_1265_1_2","1265",0.185185185185185,1.16666666666667,2.2,2,1.05938006686722,0.504593109075961
"suborq_1265_1_4","1265",0.185185185185185,1.16666666666667,2.2,2,1.01901866050727,0.49406763688055
"suborq_1265_2_1","1265",0.166666666666667,1.16666666666667,2.2,1,-1.80656442179427,-0.634465243403456
"suborq_1265_2_2","1265",0.166666666666667,1.16666666666667,2.2,1,1.80779289606882,-0.164692808398113
"suborq_1265_2_3","1265",0.166666666666667,1.16666666666667,2.2,1,0.692837255307392,0.0337583166898062
"suborq_1265_2_4","1265",0.166666666666666,1.16666666666667,2.22222222222222,1,1.08595074189415,-0.335228394343491
"suborq_1266_1_1","1266",0.166666666666667,1.16666666666667,2.2,2,-0.181722851898043,-0.609641672508329
"suborq_1266_1_2","1266",0.166666666666667,1.18518518518518,2.22222222222222,2,0.0239782015017873,-0.263820720881093
"suborq_1266_1_3","1266",0.166666666666667,1.18518518518519,2.2,2,1.29247606311886,-0.585685433548319
"suborq_1266_1_4","1266",0.166666666666666,1.16666666666667,2.2,2,0.220368611848368,-0.209783165310351
"suborq_1266_2_1","1266",0.185185185185185,1.16666666666667,2.2,1,-1.76138870799167,0.707641176252074
"suborq_1266_2_2","1266",0.185185185185186,1.16666666666667,2.2,1,1.12493681364057,-0.435992327048965
"suborq_1266_2_3","1266",0.166666666666667,1.18518518518519,2.2,1,0.0731262494098142,-0.0382349747718847
"suborq_1266_2_4","1266",0.185185185185185,1.16666666666667,2.2,1,-0.238803199598655,-0.192521580671589
"suborq_1267_1_1","1267",0.166666666666667,1.18518518518519,2.22222222222222,2,-0.398583593464536,-0.408005621601097
"suborq_1267_1_2","1267",0.185185185185185,1.18518518518518,2.22222222222222,2,-0.0990351222251884,-0.306675151276603
"suborq_1267_1_3","1267",0.166666666666667,1.18518518518519,2.2,2,-0.0234101473776551,-0.121922798422687
"suborq_1267_1_4","1267",0.166666666666666,1.18518518518519,2.22222222222222,2,2.18342674493589,-0.510577383824385
"suborq_1267_2_1","1267",0.185185185185185,1.18518518518519,2.2,1,0.0421682101516568,-0.524504927585745
"suborq_1267_2_4","1267",0.166666666666666,1.16666666666667,2.2,1,-1.50058955565781,-0.17355750618917
"suborq_1268_1_3","1268",0.185185185185184,1.16666666666667,2.26666666666667,2,0.728499017935155,-0.582245336618247
"suborq_1269_1_3","1269",0.185185185185186,1.16666666666667,2.2,2,2.14460108936734,1.77346654157178
"suborq_1269_2_1","1269",0.185185185185185,1.18518518518519,2.22222222222222,1,0.616417642222312,-1.30267737873885
"suborq_1269_2_2","1269",0.185185185185186,1.31481481481481,2.22222222222222,1,-0.633937500394069,0.380241170949182
"suborq_1273_1_1","1273",0.185185185185185,1.16666666666667,2.2,2,0.384441438739513,-1.13271072489428
"suborq_1273_1_2","1273",0.166666666666667,1.16666666666667,2.2,2,1.97218483670973,-0.55802069983526
"suborq_1273_1_3","1273",0.185185185185185,1.16666666666667,2.2,2,1.85865473062393,1.46770678200071
"suborq_1273_1_4","1273",0.185185185185185,1.18518518518519,2.22222222222222,2,0.078525759078237,-1.30941601183636
"suborq_1273_2_1","1273",0.185185185185185,1.18518518518519,2.2,1,0.680168403216657,-1.54368062990501
"suborq_1273_2_2","1273",0.166666666666667,1.16666666666667,2.22222222222222,1,2.14364132400484,-0.14681436453268
"suborq_1273_2_3","1273",0.185185185185185,1.16666666666667,2.22222222222222,1,1.85204498611857,1.44738374317728
"suborq_1273_2_4","1273",0.185185185185185,1.18518518518519,2.22222222222222,1,0.131419762567527,-0.856055135748712
"suborq_1284_1_1","1284",0.185185185185185,1.16666666666667,2.22222222222222,2,0.911440748982056,-0.128989504641563
"suborq_1284_1_2","1284",0.185185185185186,1.16666666666667,2.22222222222222,2,-1.16363160806444,0.419464226025248
"suborq_1284_1_3","1284",0.296296296296297,1.16666666666667,2.2,2,-0.812590263444858,-0.630047574806806
"suborq_1284_1_4","1284",0.166666666666666,1.18518518518519,2.2,2,1.41323923797691,-0.178433618504399
"suborq_1284_2_1","1284",0.185185185185186,1.18518518518519,2.2,1,-0.524662456529053,0.0293658648410114
"suborq_1284_2_2","1284",0.166666666666667,1.16666666666667,2.22222222222222,1,1.09755812412739,-0.118986241606093
"suborq_1284_2_4","1284",0.185185185185185,1.16666666666667,2.22222222222222,1,0.983282550193699,0.291499225384319
"suborq_207_1_1","207",0.166666666666667,1.16666666666667,2.22222222222222,2,1.16109436423832,0.0687996930932479
"suborq_207_1_2","207",0.166666666666667,1.18518518518519,2.2,2,1.21848866331341,-0.278348936898921
"suborq_207_1_3","207",0.185185185185186,1.18518518518519,2.22222222222222,2,-0.335143381890024,0.320450427525814
"suborq_207_1_4","207",0.166666666666666,1.18518518518519,2.2,2,0.636507736523148,-1.92913702896593
"suborq_207_2_2","207",0.185185185185185,1.18518518518519,2.22222222222222,1,0.257194115968603,-0.458601767858783
"suborq_207_2_3","207",0.185185185185185,1.18518518518519,2.22222222222222,1,1.36576506628027,-0.350179450309143
"suborq_207_2_4","207",0.185185185185185,1.18518518518519,2.22222222222222,1,0.927559262784787,-0.941480921693286
"suborq_28_1_2","28",0.166666666666667,1.16666666666667,2.22222222222222,2,-0.0536481609990081,0.654485642205
"suborq_28_2_1","28",0.185185185185185,1.18518518518519,2.22222222222222,1,0.676316302288403,0.468327097734356
"suborq_28_2_2","28",0.25925925925926,1.24074074074074,2.2,1,0.568634145150053,0.468770112187016
"suborq_28_2_4","28",0.185185185185185,1.16666666666667,2.2,1,-0.161180611888289,0.356928385952373
"suborq_793_1_1","793",0.185185185185186,1.18518518518519,2.2,2,0.300852961777381,-0.857460596464868
"suborq_793_1_2","793",0.166666666666667,1.16666666666667,2.2,2,0.540230771195851,-0.484382949864188
"suborq_793_1_4","793",0.185185185185185,1.18518518518519,2.2,2,1.01013733360002,0.102051175795089
"suborq_793_2_1","793",0.185185185185186,1.16666666666667,2.22222222222222,1,0.690462324870748,-0.665683269655339
"suborq_793_2_2","793",0.166666666666667,1.18518518518519,2.2,1,1.57545231251472,-0.327713009432791
"suborq_793_2_3","793",0.185185185185186,1.18518518518519,2.22222222222222,1,2.53322306745585,1.71685463018753
"suborq_793_2_4","793",0.185185185185185,1.18518518518519,2.22222222222222,1,0.0299945597334237,-0.435181491671392
"suborq_874_1_1","874",0.166666666666667,1.18518518518518,2.22222222222222,2,0.351208273885077,0.391717844397649
"suborq_874_1_4","874",0.166666666666666,1.18518518518519,2.2,2,0.332783399037831,0.572220360863835
"suborq_874_2_1","874",0.185185185185186,1.16666666666667,2.2,1,0.2084511393764,-0.512608665710238
"suborq_874_2_3","874",0.166666666666667,1.16666666666667,2.2,1,1.39888365459692,-0.591864824259027
"suborq_874_2_4","874",0.185185185185185,1.18518518518519,2.2,1,-0.115151954058508,-0.0326835752897422
"suborq_930_1_2","930",0.166666666666667,1.16666666666667,2.2,2,-0.573173022009075,0.648823366447134
"suborq_930_1_3","930",0.166666666666667,1.16666666666667,2.22222222222222,2,-0.984889817247772,-0.578944136614088
"suborq_930_1_4","930",0.185185185185185,1.18518518518519,2.22222222222222,2,0.565189776492735,0.612499172186458
"suborq_930_2_1","930",0.185185185185186,1.16666666666667,2.22222222222222,1,0.159049605908021,0.165517682205853
"suborq_930_2_2","930",0.185185185185185,1.16666666666667,2.2,1,-0.240531942300373,-0.287346134476989
"suborq_930_2_3","930",0.166666666666667,1.18518518518519,2.22222222222222,1,-0.714885705500245,-0.720152485426367
"suborq_930_2_4","930",0.185185185185184,1.16666666666667,2.2,1,1.30377790371572,0.224364765713012
"suborq_933_1_2","933",0.185185185185185,1.18518518518519,2.2,2,1.5695893238598,-0.603872538601619
"suborq_933_1_3","933",0.185185185185186,1.18518518518519,2.2,2,1.9115966052545,0.759407563995883
"suborq_933_1_4","933",0.166666666666666,1.18518518518519,2.2,2,1.26167379520604,0.270178021066487
"suborq_933_2_1","933",0.166666666666667,1.16666666666667,2.2,1,-0.802809674757221,0.256246531587465
"suborq_933_2_4","933",0.166666666666666,1.18518518518519,2.22222222222222,1,-0.81982174609912,0.142923522218748
